,1,2,3,4,5,6,7,8,9,10,11,12,13,14,15,16,17,18,19,20,21,22,23,24,25
1,f,i,b,b,g,n,r,x,b,x,z,f,u,c,i,o,e,p,f,l,c,a,b,p,k
2,r,c,e,i,y,x,n,e,l,n,w,l,t,o,b,b,x,d,u,o,h,k,g,m,q
3,e,c,m,n,v,q,a,a,b,m,u,l,m,d,b,c,t,k,j,u,i,x,h,w,z
4,s,n,n,y,s,u,k,r,r,e,j,z,e,l,j,z,r,m,v,k,l,j,c,g,d
5,h,u,z,m,t,g,n,i,r,i,p,s,n,i,j,r,a,c,e,l,l,f,p,i,t
6,s,y,c,i,s,w,e,e,t,r,g,y,k,g,y,x,o,p,r,e,y,z,d,e,o
7,w,w,f,t,j,u,c,d,f,t,d,l,e,o,l,r,r,z,r,p,y,n,e,h,o
8,b,u,d,q,w,i,t,u,n,a,y,r,o,n,q,u,d,u,e,t,e,y,v,o,f
9,l,s,m,a,s,x,y,p,h,o,m,a,c,f,i,l,i,h,u,l,y,l,g,i,f
10,b,e,j,v,l,t,t,p,t,r,b,e,g,a,z,f,n,v,p,t,a,n,n,q,u
11,z,r,n,d,a,q,r,c,a,n,m,r,c,q,t,r,a,s,i,f,p,s,n,t,t
12,h,t,k,v,z,d,e,w,e,i,a,o,i,j,u,h,r,h,z,o,b,r,x,w,b
13,u,m,t,w,h,n,j,g,p,g,l,i,f,g,w,s,y,l,j,s,m,b,g,r,o
14,x,l,d,h,v,x,n,h,l,d,e,h,l,h,h,c,o,l,o,r,f,u,l,o,q
15,t,o,f,p,i,r,s,k,r,k,s,s,q,l,b,t,o,l,h,e,j,s,p,a,o
16,d,j,s,v,o,r,u,g,e,k,a,a,i,s,i,a,l,i,d,g,a,y,k,m,i
17,i,o,i,z,z,x,o,r,c,f,v,i,h,q,v,r,v,o,w,e,i,a,f,n,u
18,b,n,e,k,e,l,i,q,m,r,x,m,g,b,w,t,b,l,u,g,w,d,s,q,r
19,i,r,f,h,d,o,r,d,l,x,a,c,m,u,c,b,k,c,f,x,o,l,u,n,w
20,g,l,i,e,r,i,o,n,v,a,e,e,q,v,j,i,x,e,c,z,v,f,v,l,j
21,u,n,n,s,l,p,l,r,k,j,k,a,l,s,y,o,a,e,d,h,e,e,i,o,f
22,s,p,a,a,k,c,g,o,l,o,o,c,d,c,z,m,z,m,h,v,f,f,d,g,i
23,c,e,h,h,a,z,y,x,k,i,t,x,j,u,p,u,q,j,d,y,g,t,n,f,o
24,s,j,x,s,p,w,z,c,b,w,f,g,h,g,b,y,w,w,l,y,l,e,v,o,l
25,k,u,g,x,b,t,b,c,f,n,g,e,f,y,z,z,s,u,p,a,j,a,q,v,m